<?xml version="1.0" encoding="utf-8"?>

<!--
@name     Price Range|Skip By Id
@author   Andrii Burkatskyi, ocmod.space@gmail.com
@version  1.6.4
@link     https://www.opencart.com/index.php?route=marketplace/extension/info&extension_id=38331
@link     https://github.com/ocmod-space/ocmod-price-range
@licence  https://raw.githubusercontent.com/ocmod-space/ocmod-price-range/main/EULA.txt
-->

<modification>
	<name>#ocmod.space: price-range|skip-by-id</name>
	<code>price-range--skip-by-id</code>
	<version>1.6.4</version>
	<author>Andrii Burkatskyi</author>
	<link>https://www.opencart.com/index.php?route=marketplace/extension&amp;filter_member=ocmod.space</link>

	<file path="catalog/controller/extension/module/price_range.php" error="log">
		<operation error="log">
			<search info="">
				<![CDATA[$data = array()]]>
			</search>
			<add position="after">
				<![CDATA[
		/// Skip products with ids from the list below
		$skip_ids = array (
			'', '', ''
		);

		if (in_array($product_id, $skip_ids)) return $data;]]>
			</add>
		</operation>
	</file>

</modification>
