<?xml version="1.0" encoding="utf-8"?>

<!--
@name     OpenCart
@package  Price Range
@author   Andrii Burkatskyi aka andr11b, <ocmod.space@gmail.com>
@version  2.1.2
@link     https://www.ocmod.space/price-range
@link     https://www.opencart.com/index.php?route=marketplace/extension/info&extension_id=38331
@link     https://github.com/ocmod-space/ocmod-price-range
@licence  https://raw.githubusercontent.com/ocmod-space/ocmod-price-range/main/EULA.en.txt
-->

<modification>
	<name>/ocmod.space/price_range__journal3</name>
	<code>price_range__journal3</code>
	<version>2.1.2</version>
	<author>Andrii Burkatskyi aka andr11b</author>
	<link>https://www.opencart.com/index.php?route=marketplace/extension&amp;filter_member=ocmod.space</link>

	<file path="admin/controller/extension/module/price_range.php" error="log">
		<operation error="log">
			<search info="">
				<![CDATA[$event = "{$this->mname}_catalog";]]>
			</search>
			<add position="after">
				<![CDATA[
		/// <<< /ocmod.space/price_range__journal3
		$trigger = 'catalog/view/journal3/*/before';
		$action = "{$this->mroute}/beforeViewExtensionModule";
		$this->{$event_model}->addEvent($event, $trigger, $action);
		/// >>> /ocmod.space/price_range__journal3]]>
			</add>
		</operation>
	</file>

	<file path="catalog/controller/journal3/search.php" error="log" info="ajax-search">
		<operation error="log">
			<search info="">
				<![CDATA[$special = $this->currency->format]]>
			</search>
			<add position="after">
				<![CDATA[
				/// <<< /ocmod.space/price_range__journal3
				}

				if ($this->config->get('module_price_range_status')) {
					$price_range = $this->load->controller(
						'extension/module/price_range',
						array('product_id' => $result['product_id'])
					);

					if ($price_range) {
						$price = $price_range['price'];

						if ($special) {
							$special = $price_range['special'];
						}
					}
				/// >>> /ocmod.space/price_range__journal3]]>
			</add>
		</operation>
	</file>

	<file path="catalog/controller/extension/module/price_range.php" error="log">
		<operation error="log">
			<search info="">
				<![CDATA[if (isset($data['product_id'])]]>
			</search>
			<add position="before">
				<![CDATA[
		/// <<< /ocmod.space/price_range__journal3
		if (strpos($route, 'journal3') === 0 && isset($data['items'])) {
			foreach ($data['items'] as &$item) {
				if (isset($item['products']) && is_array($item['products'])) {
					foreach ($item['products'] as &$product) {
						if (isset($product['product_id']) && $product['product_id']) {
							$price_range = $this->index(array('product_id' => $product['product_id']));

							if ($price_range) {
								foreach ($price_range as $key => $value) {
									if (isset($product[$key])) {
										$product[$key] = $value;
									}
								}
							}
						} else {
							$this->log->write('[/ocmod.space/price_range__journal3] empty `product_id`');
							$this->log->write($product);
						}

						unset($product);
					}
				}

				unset($item);
			}
		}
		/// >>> /ocmod.space/price_range__journal3]]>
			</add>
		</operation>
	</file>

	<file path="catalog/controller/journal3/products.php" error="log">
		<operation error="log">
			<search info="">
				<![CDATA[$products[$result['product_id']] = array(]]>
			</search>
			<add position="before">
				<![CDATA[
			/// <<< /ocmod.space/price_range__journal3
			if ($this->config->get('module_price_range_status')) {
				$price_range_data = array(
					'product_id' =>  $result['product_id'],
					'quantity'   => 1,
				);

				$price_range = $this->load->controller('extension/module/price_range', $price_range_data);

				if ($price_range) {
					$price = $price_range['price'];

					if ($tax) {
						$tax = $price_range['tax'];
					}

					if ($special) {
						$special = $price_range['special'];
					} elseif (isset($price_range['discounts'])) {
						$discounts = array();

						foreach ($price_range['discounts'] as &$discount) {
							$discounts[] =
								$discount['quantity'] . $this->language->get('text_discount') . $discount['price'];
						}
					}
				}
			}
			/// >>> /ocmod.space/price_range__journal3]]>
			</add>
		</operation>
	</file>

	<file path="catalog/controller/journal3/price.php" error="log">
		<operation error="log" info="Journal v3.1.x">
			<ignoreif regex="false" info=""><![CDATA[$this->journal3_response->json]]></ignoreif>
			<search info="">
				<![CDATA[$this->renderJson('success', $data);]]>
			</search>
			<add position="before">
				<![CDATA[
			/// <<< /ocmod.space/price_range__journal3
			if ($this->config->get('module_price_range_status') && !$product_option_values ) {
				$price_range_data = array(
					'product_id' => $product_id,
					'quantity'   => $quantity,

				);

				$price_range = $this->load->controller('extension/module/price_range', $price_range_data);

				if ($price_range) {
					$data['price'] = $price_range['price'];

					if ($data['tax']) {
						$data['tax'] = $price_range['tax'];
					}

					if ($data['special']) {
						$data['special'] = $price_range['special'];
					} elseif (isset($price_range['discounts'])) {
						$data['discounts'] = array();

						foreach ($price_range['discounts'] as &$discount) {
							$data['discounts'][] =
								$discount['quantity'] . $this->language->get('text_discount') . $discount['price'];
						}
					}
				}
			}
			/// >>> /ocmod.space/price_range__journal3]]>
			</add>
		</operation>

		<operation error="log">
			<ignoreif regex="false" info="Journal v3.2.x"><![CDATA[$this->renderJson]]></ignoreif>
			<search info="">
				<![CDATA[$this->journal3_response->json('success', $data);]]>
			</search>
			<add position="before">
				<![CDATA[
			/// <<< /ocmod.space/price_range__journal3
			if ($this->config->get('module_price_range_status') && !$product_option_values ) {
				$price_range_data = array(
					'product_id' => $product_id,
					'quantity'   => $quantity,

				);

				$price_range = $this->load->controller('extension/module/price_range', $price_range_data);

				if ($price_range) {
					$data['price'] = $price_range['price'];

					if ($data['tax']) {
						$data['tax'] = $price_range['tax'];
					}

					if ($data['special']) {
						$data['special'] = $price_range['special'];
					} elseif (isset($price_range['discounts'])) {
						$data['discounts'] = array();

						foreach ($price_range['discounts'] as &$discount) {
							$data['discounts'][] =
								$discount['quantity'] . $this->language->get('text_discount') . $discount['price'];
						}
					}
				}
			}
			/// >>> /ocmod.space/price_range__journal3]]>
			</add>
		</operation>
	</file>
</modification>