<?xml version="1.0" encoding="utf-8"?>

<!--
@name     OpenCart
@package  Price Range|Custom Unit
@author   Andrii Burkatskyi, ocmod.space@gmail.com
@version  2.0.2
@link     https://www.ocmod.space/price-range
@link     https://www.opencart.com/index.php?route=marketplace/extension/info&extension_id=38331
@link     https://github.com/ocmod-space/ocmod-price-range
@licence  https://raw.githubusercontent.com/ocmod-space/ocmod-price-range/main/EULA.txt
-->

<modification>
	<name>/ocmod.space/price_range/custom_unit</name>
	<code>price-range--custom-unit</code>
	<version>2.0.2</version>
	<author>Andrii Burkatskyi</author>
	<link>https://www.opencart.com/index.php?route=marketplace/extension&amp;filter_member=ocmod.space</link>

	<file path="catalog/controller/extension/module/price_range.php">
		<operation error="log" info="Custom Unit on Journal">
			<search><![CDATA[private function updateData]]></search>
			<add position="before"><![CDATA[
	/// <<< /ocmod.space/price_range/custom_unit
	private function customUnit(&$product) {
		$this->load->language('extension/myoc/cunit');
		$text_of = $this->language->get('text_of');

		if ($product) {
			// $this->load->model('catalog/product');

			$custom_unit = $this->myoc_cunit->getCustomUnit($product['product_id']);

			if ($custom_unit && isset($product['price']) && (!empty($custom_unit['base']) || !empty($custom_unit['collective']))) {
				$text_base = !empty($custom_unit['base']) ? $this->language->get('text_per') . $custom_unit['base'] : "";
				$text_collective = !empty($custom_unit['collective']) ? $this->language->get('text_per') . $custom_unit['collective'] . (!empty($custom_unit['base']) ? $this->language->get('text_of') . $custom_unit['value'] . $custom_unit['base'] : "") : "";

				// $price_collective = $this->currency->format($this->tax->calculate($product_info['price_collective'], $product_info['tax_class_id'], $this->config->get('config_tax')), $this->session->data['currency']);
				$price_collective = $product['price'];

				if ($custom_unit['price_in'] == 'b') {
					$product['price'] .= $text_base;
				}
				if ($custom_unit['price_in'] == 'a') {
					$product['price'] .= $text_base;
					$product['price'] .= "<br>";
					$product['price'] .= $price_collective . $text_collective;
				}
				if ($custom_unit['price_in'] == 'c') {
					$product['price'] = $price_collective . $text_collective;
				}

				if (isset($product['special']) && $product['special']) {
					// $special_collective = $this->currency->format($this->tax->calculate($product_info['special_collective'], $product_info['tax_class_id'], $this->config->get('config_tax')), $this->session->data['currency']);
					$special_collective = $product['special'];
					if ($custom_unit['price_in'] == 'b') {
						$product['special'] .= $text_base;
					}
					if ($custom_unit['price_in'] == 'a') {
						$product['special'] .= $text_base;
						$product['special'] .= "<br>";
						$product['special'] .= $special_collective . $text_collective;
					}
					if ($custom_unit['price_in'] == 'c') {
						$product['special'] = $special_collective . $text_collective;
					}
				}

				if (isset($product['tax']) && $product['tax']) {
					// $tax_collective = $this->currency->format($product['special'] ? $product_info['special_collective'] : $product_info['price_collective'], $this->session->data['currency']);
					$tax_collective = $product['tax'];
					if ($custom_unit['price_in'] == 'b') {
						$product['tax'] .= $text_base;
					}
					if ($custom_unit['price_in'] == 'a') {
						$product['tax'] .= $text_base;
						$product['tax'] .= "<br>" . $this->language->get('text_tax') . " ";
						$product['tax'] .= $tax_collective . $text_collective;
					}
					if ($custom_unit['price_in'] == 'c') {
						$product['tax'] = $tax_collective . $text_collective;
					}
				}
			}
		}
	}
	/// >>> /ocmod.space/price_range/custom_unit]]>
			</add>
		</operation>
		<operation error="log" info="">
			<search><![CDATA[return $range_data;]]></search>
			<add position="before"><![CDATA[
		/// <<<  /ocmod.space/price_range/custom_unit
		if ($this->config->get('myoc_cunit_status')) {
			$this->customUnit($range_data);
		}
		/// >>> /ocmod.space/price_range/custom_unit]]>
			</add>
		</operation>
	</file>

</modification>
