<?xml version="1.0" encoding="utf-8"?>

<!--
@name     OpenCart
@package  Price Range
@author   ocmod.space, <ocmod.space@gmail.com>
@version  2.2.1
@link     https://www.opencart.com/index.php?route=marketplace/extension/info&extension_id=38331
@link     https://www.opencart.com/index.php?route=marketplace/extension&filter_member=ocmod.space
@link     https://github.com/ocmod-space/ocmod-price-range
@license  https://raw.githubusercontent.com/ocmod-space/ocmod-price-range/main/EULA.en.txt
-->

<modification>
	<name>/ocmod.space/price_range/journal2</name>
	<code>price_range__journal2</code>
	<version>2.2.1</version>
	<author>ocmod.space</author>
	<link>https://www.opencart.com/index.php?route=marketplace/extension&amp;filter_member=ocmod.space</link>

	<file path="admin/controller/extension/module/price_range.php" error="log">
		<operation error="log">
			<search info="">
				<![CDATA[$event_code = "{$this->mod->name()}_catalog";]]>
			</search>
			<add position="after">
				<![CDATA[		/// /ocmod.space/price_range/journal2
		$trigger = 'catalog/view/journal2/module/*/before';
		$action = "{$this->mod->route()}/beforeViewExtensionModule";
		$this->{$event_model}->addEvent($event_code, $trigger, $action);
		/// >>> /ocmod.space/price_range/journal2]]>
			</add>
		</operation>
	</file>
</modification>
