<?xml version="1.0" encoding="utf-8"?>

<!--
@name     OpenCart
@package  price_range/journal2 (Price Range|Journal2),
@author   Andrii Burkatskyi, ocmod.space@gmail.com
@version  2.0.2
@link     https://www.ocmod.space/price-range
@link     https://www.opencart.com/index.php?route=marketplace/extension/info&extension_id=38331
@link     https://github.com/ocmod-space/ocmod-price-range
@licence  https://raw.githubusercontent.com/ocmod-space/ocmod-price-range/main/EULA.txt
-->

<modification>
	<name>/ocmod.space/price_range/journal2</name>
	<code>price-range--journal2</code>
	<version>2.0.2</version>
	<author>Andrii Burkatskyi</author>
	<link>https://www.opencart.com/index.php?route=marketplace/extension&amp;filter_member=ocmod.space</link>

	<file path="admin/controller/extension/module/price_range.php" error="log">
		<operation error="log">
			<search info="">
				<![CDATA[$event = $this->mname . '_catalog';]]>
			</search>
			<add position="after">
				<![CDATA[		/// /ocmod.space/price_range/journal2
		$trigger = 'catalog/view/journal2/module/*/before';
		$action = $this->mroute . '/beforeViewExtensionModule';
		$this->{$event_class}->addEvent($event, $trigger, $action);
		/// >>> /ocmod.space/price_range/journal2]]>
			</add>
		</operation>
	</file>
</modification>
