<?xml version="1.0" encoding="utf-8"?>

<!--
@name     OpenCart
@package  Price Range
@author   Andrii Burkatskyi aka 4ndr116, <ocmod.space@gmail.com>
@version  2.1.2
@link     https://www.opencart.com/index.php?route=marketplace/extension/info&extension_id=38331
@link     https://www.opencart.com/index.php?route=marketplace/extension&filter_member=ocmod.space
@link     https://github.com/ocmod-space/ocmod-price-range
@licence  https://raw.githubusercontent.com/ocmod-space/ocmod-price-range/main/EULA.en.txt
-->

<modification>
	<name>/ocmod.space/price_range__octemplates</name>
	<code>price_range__octemplates</code>
	<version>2.1.2</version>
	<author>Andrii Burkatskyi aka 4ndr116</author>
	<link>https://www.opencart.com/index.php?route=marketplace/extension&amp;filter_member=ocmod.space</link>

	<file path="admin/controller/extension/module/price_range.php" error="log">
		<operation error="log">
			<search info="">
				<![CDATA[$event_code = "{$this->mod->name()}_catalog";]]>
			</search>
			<add position="after">
				<![CDATA[
		/// <<< /ocmod.space/price_range__octemplates
		$trigger = 'catalog/view/octemplates/module/*/before';
		$action = "{$this->mod->route()}/beforeViewExtensionModule";
		$this->{$event_class}->addEvent($event_code, $trigger, $action);
		/// >>> /ocmod.space/price_range__octemplates]]>
			</add>
		</operation>
	</file>

	<file path="catalog/controller/octemplates/main/oct_functions.php" error="log">
		<operation error="log">
			<search info="">
				<![CDATA[$json['tax'] = ]]>
			</search>
			<add position="after">
				<![CDATA[
				/// <<< /ocmod.space/price_range__octemplates
				$selected_options = [];

				if (isset($this->request->post['option'])) {
					$selected_options = array_filter($this->request->post['option'], function ($value) {
						// return !is_null($value) && $value != '';
						return !empty($value);
					});
				}

				if ($this->config->get('module_price_range_status') && !$selected_options) {
					$price_range_data = array(
						'product_id' => $product_id,
						'quantity'   => $quantity,
					);

					$price_range = $this->load->controller('extension/module/price_range', $price_range_data);

					if ($price_range) {
						$json['price'] = $price_range['price'];
						$json['tax'] = isset($json['tax']) ? $price_range['tax'] : null;

						if ($json['special']) {
							$json['special'] = $price_range['special'];
						} elseif ((float)$product_info['discount']) {
							$json['discounts'] = array();

							foreach ($price_range['discounts'] as &$discount) {
								$json['discounts'][] =
									$discount['quantity'] . $this->language->get('text_discount') . $discount['price'];
							}
						}
					}
				}
				/// >>> /ocmod.space/price_range__octemplates]]>
			</add>
		</operation>
	</file>

	<file path="catalog/controller/octemplates/module/oct_live_search.php" error="log">
		<operation error="log">
			<search info="">
				<![CDATA[$data['products'][] = []]>
			</search>
			<add position="after">
				<![CDATA[							'product_id'    => $product_info['product_id'], /// /ocmod.space/price_range__octemplates]]>
			</add>
		</operation>
	</file>
</modification>
