<?xml version="1.0" encoding="utf-8"?>

<!--
@name     Price Range|Out Of Stock
@author   Andrii Burkatskyi, ocmod.space@gmail.com
@version  1.6.2
@link     https://www.opencart.com/index.php?route=marketplace/extension/info&extension_id=38331
@link     https://github.com/ocmod-space/ocmod-price-range
@licence  https://raw.githubusercontent.com/ocmod-space/ocmod-price-range/main/EULA.txt
-->

<modification>
	<name>#ocmod.space: price-range|out-of-stock</name>
	<code>price-range--out-of-stock</code>
	<version>1.6.2</version>
	<author>Andrii Burkatskyi</author>
	<link>https://www.opencart.com/index.php?route=marketplace/extension&amp;filter_member=ocmod.space</link>

	<file path="catalog/model/extension/module/price_range.php" error="log">
		<operation error="log">
			<search info="26,88">
				<![CDATA[(!$option_value['subtract'] || ($option_value['quantity'] > 0))]]>
			</search>
			<add position="replace">
				<![CDATA[(!$option_value['subtract'] || ($option_value['quantity'] >= 0))]]>
			</add>
		</operation>
	</file>
</modification>
