<?xml version="1.0" encoding="utf-8"?>

<!--
@name     Price Range|Ignore Ids
@author   Andrii Burkatskyi, ocmod.space@gmail.com
@version  1.6.4
@link     https://www.opencart.com/index.php?route=marketplace/extension/info&extension_id=38331
@link     https://github.com/ocmod-space/ocmod-price-range
@licence  https://raw.githubusercontent.com/ocmod-space/ocmod-price-range/main/EULA.txt
-->

<modification>
	<name>#ocmod.space: price-range|ignore-ids</name>
	<code>price-range--ignore-ids</code>
	<version>1.6.4</version>
	<author>Andrii Burkatskyi</author>
	<link>https://www.opencart.com/index.php?route=marketplace/extension&amp;filter_member=ocmod.space</link>

	<file path="catalog/controller/extension/module/price_range.php" error="log">
		<operation error="log">
			<search info="">
				<![CDATA[$data = array()]]>
			</search>
			<add position="after">
				<![CDATA[
		/// Skip products with ids defined in the file catalog/ignoreids.txt
		$file = DIR_APPLICATION . 'ignoreids.txt';
		$ignoreids = array();

		if (file_exists($file)) {
			$ignoreids = file($file);
		};

		foreach ($ignoreids as $key => &$value) {
			if ((int)$value == 0) {
				unset($ignoreids[$key]);
			} else {
				$value = (int)$value;
			}
		}

		$ignoreids = array_values($ignoreids);

		if (in_array($product_id, $ignoreids)) return $data;]]>
			</add>
		</operation>
	</file>

</modification>
