<?xml version="1.0" encoding="utf-8"?>

<!--
@name     Price Range|Consistent Pricing
@author   Andrii Burkatskyi, ocmod.space@gmail.com
@version  2.0.2
@link     https://www.ocmod.space/price-range
@link     https://github.com/ocmod-space/ocmod-price-range
@licence  https://raw.githubusercontent.com/ocmod-space/ocmod-price-range/main/EULA.txt
-->

<modification>
	<name>#ocmod.space: price-range|consistent-pricing</name>
	<code>price-range--consistent-pricing</code>
	<version>2.0.2</version>
	<author>Andrii Burkatskyi</author>
	<link>https://www.opencart.com/index.php?route=marketplace/extension&amp;filter_member=ocmod.space</link>

	<file path="catalog/controller/extension/module/price_range.php" error="log">
		<operation error="log">
			<search info="">
				<![CDATA[public function __construct($params)]]>
			</search>
			<add position="before">
				<![CDATA[	private $cpcs;  /// price-range|consistent-pricing]]>
			</add>
		</operation>

		<operation error="log">
			<search info="">
				<![CDATA[$this->mconfig = $this->config->get($this->module);]]>
			</search>
			<add position="after">
				<![CDATA[		$this->cpcs = $this->cart->getConsistentCoefficients();  /// price-range|consistent-pricing]]>
			</add>
		</operation>

		<operation error="log">
			<search info="">
				<![CDATA[$price_range['max'] = $this->getTotal($price, $product_options, 'max');]]>
			</search>
			<add position="after">
				<![CDATA[
		/// << price-range|consistent-pricing
		if ($tax_class_id && isset($this->cpcs[$tax_class_id])) {
			$cpc = $this->cpcs[$tax_class_id];

			if ($cpc != 1) {
				$price_range['min'] *= $cpc;
				$price_range['max'] *= $cpc;
			}
		}
		/// >> price-range|consistent-pricing]]>
			</add>
		</operation>
	</file>
</modification>
