<?xml version="1.0" encoding="utf-8"?>

<!--
@name     OpenCart
@package  Price Range
@author   Andrii Burkatskyi aka andr11b, <ocmod.space@gmail.com>
@version  2.1.2
@link     https://www.ocmod.space/price-range
@link     https://www.opencart.com/index.php?route=marketplace/extension/info&extension_id=38331
@link     https://github.com/ocmod-space/ocmod-price-range
@licence  https://raw.githubusercontent.com/ocmod-space/ocmod-price-range/main/EULA.en.txt
-->

<modification>
	<name>/ocmod.space/price_range__journal__liveopencart_liveprice</name>
	<code>price_range__journal__liveopencart_liveprice</code>
	<version>2.1.2</version>
	<author>Andrii Burkatskyi aka andr11b</author>
	<link>https://www.opencart.com/index.php?route=marketplace/extension&amp;filter_member=ocmod.space</link>

	<file path="catalog/controller/extension/liveopencart/liveprice.php" error="log">
		<operation error="log">
			<search info="">
				<![CDATA[$this->setAllowOriginHeader();]]>
			</search>
			<add position="before">
				<![CDATA[
		/// <<< /ocmod.space/price_range__journal__liveopencart_liveprice
		if (!$options && $this->config->get('module_price_range_status')) {

			$price_range_data = [
				'product_id' => $product_id,
				'quantity'   => $quantity,
			];

			$price_range = $this->load->controller('extension/module/price_range', $price_range_data);

			if ($price_range) {
				$this->load->language('product/product');
				$text_tax = $this->language->get('text_tax');

				if (!empty($price_range['special'])) {
					$prices['htmls']['html'] =
						'<div class="price-group">' .
						'<div class="product-price-new">' . $price_range['special'] . '</div>' .
						'<div class="product-price-old">' . $price_range['price'] . '</div>' .
						'</div>' .
						'<div class="product-tax">' . $text_tax . ' ' . $price_range['tax'] . '</div>';

					$prices['htmls']['product_listing_price'] =
						'<div class="price">' .
						'<div>' .
						'<span class="price-new">'.  $price_range['special'] . '</span>' .
						'<span class="price-old">'.  $price_range['price'] . '</span>' .
						'</div>' .
						'</div>';

				} else {
					$prices['htmls']['html'] = '<div class="price-group">' .
						'<div class="product-price">' . $price_range['price'] . '</div>' .
						'</div>' .
						'<div class="product-tax">' . $text_tax . ' ' . $price_range['tax'] . '</div>';

					$prices['htmls']['product_listing_price'] =
						'<div class="price">' .
						'<div>' .
						'<span class="price-normal">'.  $price_range['price'] . '</span>' .
						'</div>' .
						'</div>';
				}
			}
		}
		/// >>> /ocmod.space/price_range__journal__liveopencart_liveprice]]>
			</add>
		</operation>
	</file>
</modification>