<?xml version="1.0" encoding="utf-8"?>

<!--
This file is subject to the terms and conditions defined in the "LICENSE.txt"
file, which is available by the link:
https://raw.githubusercontent.com/ocmod-space/readme/main/license/LICENSE.txt.
-->

<modification>
	<name>#ocmod.space | Price Range &lt; Out-Of-Stock</name>
	<code>price-range--outofstock</code>
	<version>1.0.0</version>
	<author>Andrii Burkatskyi aka underr</author>
	<link>https://www.opencart.com/index.php?route=marketplace/extension&amp;filter_member=ocmod.space</link>

	<file path="catalog/model/extension/module/price_range.php" error="log">
		<operation error="log">
			<search info="26,87">
				<![CDATA[(!$option_value['subtract'] || ($option_value['quantity'] > 0))]]>
			</search>
			<add position="replace">
				<![CDATA[(!$option_value['subtract'] || ($option_value['quantity'] >= 0))]]>
			</add>
		</operation>
	</file>
</modification>
