<?xml version="1.0" encoding="utf-8"?>

<!--
@name     OpenCart
@package  Price Range
@author   Andrii Burkatskyi aka 4ndr116, <ocmod.space@gmail.com>
@version  2.1.2
@link     https://www.opencart.com/index.php?route=marketplace/extension/info&extension_id=38331
@link     https://www.opencart.com/index.php?route=marketplace/extension&filter_member=ocmod.space
@link     https://github.com/ocmod-space/ocmod-price-range
@licence  https://raw.githubusercontent.com/ocmod-space/ocmod-price-range/main/EULA.en.txt
-->

<modification>
	<name>/ocmod.space/price_range__poco</name>
	<code>price_range__poco</code>
	<version>2.1.2</version>
	<author>Andrii Burkatskyi aka 4ndr116</author>
	<link>https://www.opencart.com/index.php?route=marketplace/extension&amp;filter_member=ocmod.space</link>

	<file path="admin/controller/extension/module/price_range.php" error="log">
		<operation error="log">
			<search info="">
				<![CDATA[$event_code = "{$this->mod->name()}_catalog";]]>
			</search>
			<add position="after">
				<![CDATA[
		/// <<< /ocmod.space/price_range__poco
		$trigger = 'catalog/view/extension/maza/product/quick_view/before';
		$action = "{$this->mod->route()}/beforeViewProduct";
		$this->{$event_model}->addEvent($event_code, $trigger, $action);

		$trigger = 'catalog/view/extension/maza/products/before';
		$action = "{$this->mod->route()}/beforeViewExtensionModule";
		$this->{$event_model}->addEvent($event_code, $trigger, $action);

		$trigger = 'catalog/view/extension/module/mz_product_listing/before';
		$action = "{$this->mod->route()}/beforeViewExtensionModule";
		$this->{$event_model}->addEvent($event_code, $trigger, $action);
		/// >>> /ocmod.space/price_range__poco]]>
			</add>
		</operation>
	</file>

	<file path="catalog/controller/extension/module/price_range.php" error="log">
		<operation error="log">
			<search info="">
				<![CDATA[beforeViewExtensionModule]]>
			</search>
			<add position="after">
				<![CDATA[
		/// <<< /ocmod.space/price_range__poco
		if ($this->mod->status() && $route == 'extension/module/mz_product_listing') {
			if (isset($data['tabs']) && is_array($data['tabs'])) {
				foreach ($data['tabs'] as &$tab) {
					$this->updateData($route, $tab);
				}
			}
		}
		/// >>> /ocmod.space/price_range__poco]]>
			</add>
		</operation>
	</file>
</modification>
