<?xml version="1.0" encoding="utf-8"?>

<!--
@name     Price Range|Enhanced Options
@author   Andrii Burkatskyi, ocmod.space@gmail.com
@version  2.0.2
@link     https://www.ocmod.space/price-range
@link     https://github.com/ocmod-space/ocmod-price-range
@licence  https://raw.githubusercontent.com/ocmod-space/ocmod-price-range/main/EULA.txt
-->

<modification>
	<name>#ocmod.space: price-range|enhanced-options</name>
	<code>price-range--enhanced-options</code>
	<version>2.0.2</version>
	<author>Andrii Burkatskyi</author>
	<link>https://www.opencart.com/index.php?route=marketplace/extension&amp;filter_member=ocmod.space</link>

	<file path="catalog/controller/extension/module/price_range.php" error="log">
		<operation error="log">
			<search info="">
				<![CDATA[protected function validate]]>
			</search>
			<add position="before">
				<![CDATA[
	/// << price-range|enhanced-options
	private function enhanceOptions(array &$options, int $quantity = 1) {
		foreach ($options as &$option) {
			if (!in_array($option['type'], ['radio', 'checkbox', 'select'])) continue;

			foreach ($option['product_option_value'] as &$option_value) {
				$option_value = $this->cart->getEnhancedOption($option_value, $quantity);
			}
		}
	}
	/// >> price-range|enhanced-options]]>
			</add>
		</operation>

		<operation error="log">
			<search info="">
				<![CDATA[$extax_range = $this->range($special, $product_options);]]>
			</search>
			<add position="before">
				<![CDATA[				$this->enhanceOptions($product_options); /// price-range|enhanced-options]]>
			</add>
		</operation>

		<operation error="log">
			<search info="">
				<![CDATA[$special_range = $this->range($special, $product_options);]]>
			</search>
			<add position="before">
				<![CDATA[				$this->enhanceOptions($product_options); /// price-range|enhanced-options]]>
			</add>
		</operation>

		<operation error="log">
			<search info="">
				<![CDATA[if ($quantity == $discount['quantity']) {]]>
			</search>
			<add position="after">
				<![CDATA[					$this->enhanceOptions($product_options); /// price-range|enhanced-options]]>
			</add>
		</operation>

	</file>

</modification>
