<?xml version="1.0" encoding="utf-8"?>

<!--
@name     Price Range|Force At
@author   Andrii Burkatskyi, ocmod.space@gmail.com
@version  1.7.0
@link     https://www.ocmod.space/price-range
@link     https://github.com/ocmod-space/ocmod-price-range
@licence  https://raw.githubusercontent.com/ocmod-space/ocmod-price-range/main/EULA.txt
-->

<modification>
	<name>#ocmod.space: price-range|force-at</name>
	<code>price-range--force-at</code>
	<version>1.7.0</version>
	<author>Andrii Burkatskyi</author>
	<link>https://www.opencart.com/index.php?route=marketplace/extension&amp;filter_member=ocmod.space</link>

	<file path="catalog/model/extension/module/price_range.php" error="log">
		<operation error="log">
			<search info="">
				<![CDATA[return $this->currency->format($range['min'], $currency);]]>
			</search>
			<add position="replace">
				<![CDATA[/// return $this->currency->format($range['min'], $currency);]]>
			</add>
		</operation>
		<operation error="log">
			<search info="">
				<![CDATA[$prefs['style'] == 'min']]>
			</search>
			<add position="replace">
				<![CDATA[$prefs['style'] == 'min' || $range['min'] == $range['max']]]>
			</add>
		</operation>
	</file>

</modification>
