<?xml version="1.0" encoding="utf-8"?>

<!--
@name     OpenCart
@package  Price Range
@author   ocmod.space, <ocmod.space@gmail.com>
@version  2.2.1
@link     https://www.opencart.com/index.php?route=marketplace/extension/info&extension_id=38331
@link     https://www.opencart.com/index.php?route=marketplace/extension&filter_member=ocmod.space
@link     https://github.com/ocmod-space/ocmod-price-range
@license  https://raw.githubusercontent.com/ocmod-space/ocmod-price-range/main/EULA.en.txt
-->

<modification>
	<name>/ocmod.space/price_range/product_percentage_discount</name>
	<code>price_range__product_percentage_discount</code>
	<version>2.2.1</version>
	<author>ocmod.space</author>
	<link>https://www.opencart.com/index.php?route=marketplace/extension&amp;filter_member=ocmod.space</link>

	<file path="catalog/controller/extension/module/price_range.php" error="log">
		<operation error="log">
			<search info="">
				<![CDATA[$discounts[$discount['quantity']] = []]>
			</search>
			<add position="before">
				<![CDATA[					/// <<< /ocmod.space/price_range/product_percentage_discount
					if(isset($discount['type']) && $discount['type'] == 'percent'){
						$discount['price'] = $product_info['price'] - $discount['price'] * $product_info['price'] / 100;
					}
					/// >>> /ocmod.space/price_range/product_percentage_discount]]>
			</add>
		</operation>
	</file>
</modification>
