<?xml version="1.0" encoding="utf-8"?>

<!--
@name     OpenCart
@package  Price Range
@author   Andrii Burkatskyi aka andr11b, <ocmod.space@gmail.com>
@version  2.1.2
@link     https://www.opencart.com/index.php?route=marketplace/extension/info&extension_id=38331
@link     https://www.opencart.com/index.php?route=marketplace/extension&filter_member=ocmod.space
@link     https://github.com/ocmod-space/ocmod-price-range
@licence  https://raw.githubusercontent.com/ocmod-space/ocmod-price-range/main/EULA.en.txt
-->

<modification>
	<name>/ocmod.space/price_range__enhanced_specials</name>
	<code>price_range__enhanced_specials</code>
	<version>2.1.2</version>
	<author>Andrii Burkatskyi aka andr11b</author>
	<link>https://www.opencart.com/index.php?route=marketplace/extension&amp;filter_member=ocmod.space</link>

	<file path="catalog/controller/extension/module/price_range.php" error="log">
		<operation error="log">
			<search info="">
				<![CDATA[$special = (float)$product_price['special'];]]>
			</search>
			<add position="after">
				<![CDATA[
		/// <<< /ocmod.space/price_range__enhanced_specials
		if ($this->config->get('module_enhanced_specials_status')) {
			$especial = $this->cart->getEnhancedSpecial($product_id);

			if ($especial) $special = $especial;
		}
		/// >>> /ocmod.space/price_range__enhanced_specials]]>
			</add>
		</operation>
	</file>
</modification>
