<?xml version="1.0" encoding="utf-8"?>

<!--
@name     OpenCart
@package  Price Range
@author   Andrii Burkatskyi aka andr11b, <ocmod.space@gmail.com>
@version  2.1.2
@link     https://www.ocmod.space/price-range
@link     https://www.opencart.com/index.php?route=marketplace/extension/info&extension_id=38331
@link     https://github.com/ocmod-space/ocmod-price-range
@licence  https://raw.githubusercontent.com/ocmod-space/ocmod-price-range/main/EULA.en.txt
-->

<modification>
	<name>/ocmod.space/price_range__consistent_pricing</name>
	<code>price_range__consistent_pricing</code>
	<version>2.1.2</version>
	<author>Andrii Burkatskyi aka andr11b</author>
	<link>https://www.opencart.com/index.php?route=marketplace/extension&amp;filter_member=ocmod.space</link>

	<file path="catalog/controller/extension/module/price_range.php" error="log">
		<operation error="log">
			<search info="">
				<![CDATA[public function __construct($registry)]]>
			</search>
			<add position="before">
				<![CDATA[	private $cpcs;  /// /ocmod.space/price_range__consistent_pricing]]>
			</add>
		</operation>

		<operation error="log">
			<search info="">
				<![CDATA[$this->mconfig = $this->config->get($this->module);]]>
			</search>
			<add position="after">
				<![CDATA[		$this->cpcs = $this->cart->getConsistentCoefficients();  /// /ocmod.space/price_range__consistent_pricing]]>
			</add>
		</operation>

		<operation error="log">
			<search info="">
				<![CDATA[$price_range['max'] = $this->getTotal($price, $product_options, 'max');]]>
			</search>
			<add position="after">
				<![CDATA[
		/// <<< /ocmod.space/price_range__consistent_pricing
		if ($tax_class_id && isset($this->cpcs[$tax_class_id])) {
			$cpc = $this->cpcs[$tax_class_id];

			if ($cpc != 1) {
				$price_range['min'] *= $cpc;
				$price_range['max'] *= $cpc;
			}
		}
		/// >>> /ocmod.space/price_range__consistent_pricing]]>
			</add>
		</operation>
	</file>
</modification>