<?xml version="1.0" encoding="utf-8"?>

<!--
@name     OpenCart
@package  Price Range
@author   excodius (ocmod.space), <ocmod.space@gmail.com>
@version  2.2.0
@link     https://www.opencart.com/index.php?route=marketplace/extension/info&extension_id=38331
@link     https://www.opencart.com/index.php?route=marketplace/extension&filter_member=ocmod.space
@link     https://github.com/ocmod-space/ocmod-price-range
@licence  https://raw.githubusercontent.com/ocmod-space/ocmod-price-range/main/EULA.en.txt
-->

<modification>
	<name>/ocmod.space/price_range__consistent_pricing</name>
	<code>price_range__consistent_pricing</code>
	<version>2.2.0</version>
	<author>excodius (ocmod.space)</author>
	<link>https://www.opencart.com/index.php?route=marketplace/extension&amp;filter_member=ocmod.space</link>

	<file path="catalog/controller/extension/module/price_range.php|extension/price_range/catalog/controller/module/price_range.php" error="skip">
		<operation error="log">
			<search info="">
				<![CDATA[public function __construct]]>
			</search>
			<add position="before">
				<![CDATA[	private $cpcc;  /// /ocmod.space/price_range__consistent_pricing]]>
			</add>
		</operation>

		<operation error="log">
			<search info="">
				<![CDATA[$this->cfg = $this->mod->config();]]>
			</search>
			<add position="after">
				<![CDATA[		$this->cpcc = $this->cart->getCorrectionCoefficients();  /// /ocmod.space/price_range__consistent_pricing]]>
			</add>
		</operation>

		<operation error="log">
			<search info="">
				<![CDATA[$price_range['max'] = $this->getTotal($price, $product_options, 'max');]]>
			</search>
			<add position="after">
				<![CDATA[
		/// <<< /ocmod.space/price_range__consistent_pricing
		if ($tax_class_id && isset($this->cpcc[$tax_class_id])) {
			$cc = $this->cpcc[$tax_class_id];

			if ($cc != 1) {
				$price_range['min'] *= $cc;
				$price_range['max'] *= $cc;
			}
		}
		/// >>> /ocmod.space/price_range__consistent_pricing]]>
			</add>
		</operation>
	</file>
</modification>
