<?xml version="1.0" encoding="utf-8"?>

<!--
@name     Price Range|Enhanced Specials
@author   Andrii Burkatskyi, ocmod.space@gmail.com
@version  2.0.2
@link     https://www.ocmod.space/price-range
@link     https://github.com/ocmod-space/ocmod-price-range
@licence  https://raw.githubusercontent.com/ocmod-space/ocmod-price-range/main/EULA.txt
-->

<modification>
	<name>#ocmod.space: price-range|enhanced-specials</name>
	<code>price-range--enhanced-specials</code>
	<version>2.0.2</version>
	<author>Andrii Burkatskyi</author>
	<link>https://www.opencart.com/index.php?route=marketplace/extension&amp;filter_member=ocmod.space</link>

	<file path="catalog/controller/extension/module/price_range.php" error="log">
		<operation error="log">
			<search info="">
				<![CDATA[$special = (float)$product_price['special'];]]>
			</search>
			<add position="after">
				<![CDATA[
		/// << price-range|enhanced-specials
		if ($this->config->get('module_enhanced_specials_status')) {
			$especial = $this->cart->getEnhancedSpecial($product_id);

			if ($especial) $special = $especial;
		}
		/// >> price-range|enhanced-specials]]>
			</add>
		</operation>
	</file>
</modification>
